song_id,Song Title,danceability,energy,key,loudness,mode,speechiness,acousticness,instrumentalness,liveness,valence,tempo,duration_ms,time_signature
1BxfuPKGuaTgP7aM0Bbdwr,Cruel Summer,0.552,0.702,9,-5.707,1,0.157,0.117,2.06e-05,0.105,0.564,169.994,178427,4
1Iq8oo9XkmmvCQiGOfORiz,Is It Over Now? (Taylor's Version) (From The Vault),0.596,0.658,0,-7.346,1,0.036,0.0504,0.0,0.127,0.176,100.012,229478,4
0V3wPSX9ygBnCm8psDIegu,Anti-Hero,0.637,0.643,4,-6.571,1,0.0519,0.13,1.8e-06,0.142,0.533,97.008,200690,4
2YSzYUF3jWqb9YP9VXmpjE,IDGAF (feat. Yeat),0.663,0.67,8,-8.399,1,0.271,0.0464,8.92e-05,0.205,0.138,136.952,260111,4
7aqfrAY2p9BUSiupwk3svU,First Person Shooter (feat. J. Cole),0.47,0.64,2,-7.779,1,0.32,0.0277,0.0,0.382,0.248,163.92,247444,4
1yeB8MUNeLo9Ek1UEpsyz6,Rich Baby Daddy (feat. Sexyy Red & SZA),0.645,0.729,2,-4.56,1,0.0528,0.0377,0.0,0.384,0.142,146.01,319192,4
7CyPwkp0oE8Ro9Dd5CUDjW,"One Of The Girls (with JENNIE, Lily Rose Depp)",0.522,0.641,8,-6.287,1,0.0318,0.0545,0.0,0.162,0.202,87.51,244685,4
7MXVkk9YMctZqd1Srtv4MB,Starboy,0.679,0.587,7,-7.015,1,0.276,0.141,6.35e-06,0.137,0.486,186.003,230453,4
6WzRpISELf3YglGAh7TXcG,Popular (with Playboi Carti & Madonna) - Music from the HBO Original Series,0.855,0.678,1,-6.276,1,0.189,0.0569,3.69e-05,0.412,0.852,99.029,215467,4
5XeFesFbtLpXzIVDNQP22n,I Wanna Be Yours,0.464,0.417,0,-9.345,0,0.0256,0.136,0.022,0.0974,0.479,67.528,183956,4
0BxE4FqsDD1Ot4YuBXwAPp,505,0.526,0.866,0,-5.822,1,0.0568,0.00287,7.78e-05,0.0945,0.248,140.266,253587,4
086myS9r57YsLbJpU0TgK9,Why'd You Only Call Me When You're High?,0.691,0.631,2,-6.478,1,0.0368,0.0483,1.13e-05,0.104,0.8,92.004,161124,4
3bH2Eu9A9ymI4UnGHRmoXg,Merry Christmas,0.594,0.935,0,-2.018,1,0.0357,0.243,2.36e-06,0.102,0.602,113.99,208547,4
0tgVpDi06FyKpA1z0VMD4v,Perfect,0.599,0.448,8,-6.312,1,0.0232,0.163,0.0,0.106,0.168,95.05,263400,3
7qiZfU4dY1lWllzX7mPBI3,Shape of You,0.825,0.652,1,-3.183,0,0.0802,0.581,0.0,0.0931,0.931,95.977,233713,4
4EWCNWgDS8707fNSZ1oaA5,Heartless,0.79,0.647,10,-5.983,0,0.136,0.0515,0.0,0.248,0.654,87.999,211000,4
5TRPicyLGbAF2LGBFbHGvO,Flashing Lights,0.639,0.628,6,-7.578,0,0.0399,0.0381,0.0,0.386,0.43,90.482,237507,4
4KW1lqgSr8TKrvBII0Brf8,Father Stretch My Hands Pt. 1,0.724,0.573,7,-4.113,1,0.0549,0.118,0.0,0.538,0.438,113.088,135920,4
7lQ8MOhq6IN2w8EYcFNSUk,Without Me,0.908,0.669,7,-2.827,1,0.0738,0.00286,0.0,0.237,0.662,112.238,290320,4
561jH07mF1jHuk7KlaeF0s,Mockingbird,0.637,0.678,0,-3.798,1,0.266,0.209,0.0,0.156,0.254,84.039,250760,4
3yfqSUWxFvZELEM4PmlwIR,The Real Slim Shady,0.949,0.661,5,-4.244,0,0.0572,0.0302,0.0,0.0454,0.76,104.504,284200,4
2FDTHlrBguDzQkp7PVj16Q,Sprinter,0.916,0.583,1,-8.067,1,0.241,0.186,0.0,0.0798,0.661,141.095,226383,4
6j3wDNKqEeZ6QwPtCcpJX8,Stop Giving Me Advice (with Jack Harlow & Dave),0.641,0.681,6,-4.888,0,0.283,0.504,2.69e-05,0.103,0.896,101.429,242453,4
3z4CGd63tpUn9a6oQSG0CI,Location (feat. Burna Boy),0.812,0.496,9,-5.969,0,0.297,0.271,0.0,0.0955,0.55,109.979,241293,4
0U10zFw4GlBacOy9VDGfGL,We Found Love,0.735,0.766,1,-4.485,1,0.0383,0.025,0.00138,0.108,0.6,127.985,215227,4
7i0jaBLpIADxqNbhAb4XFb,Diamonds,0.564,0.71,11,-4.92,0,0.0461,0.00125,0.0,0.109,0.393,91.972,225147,4
49FYlytm3dAAraYgpoJZux,Umbrella,0.583,0.829,1,-4.603,1,0.134,0.00864,0.0,0.0426,0.575,174.028,275987,4
3OHfY25tqY28d16oZczHc8,Kill Bill,0.644,0.728,8,-5.75,1,0.0351,0.0543,0.169,0.161,0.43,88.993,153947,4
4iZ4pt7kvcaH6Yo8UoZ4s2,Snooze,0.559,0.551,5,-7.231,1,0.132,0.141,0.0,0.11,0.392,143.008,201800,4
1Ist6PR2BZR3n2z2Y5R6S1,Summertime Sadness,0.566,0.647,1,-6.815,0,0.0335,0.0477,0.0,0.121,0.22,111.96,264773,4
6GGtHZgBycCgGBUhZo81xe,Say Yes To Heaven,0.49,0.352,6,-11.577,0,0.0254,0.709,0.0856,0.114,0.166,99.992,209156,4
2nMeu6UenVvwUktBCpLMK9,Young And Beautiful,0.324,0.416,11,-8.92,0,0.0368,0.262,3.69e-05,0.11,0.151,113.986,236053,4
4Dvkj6JhhA12EX05fT7y2e,As It Was,0.52,0.731,6,-5.338,0,0.0557,0.342,0.00101,0.311,0.662,173.93,167303,4
6UelLqGlWMcVH1E5c4H7lY,Watermelon Sugar,0.548,0.816,0,-4.209,1,0.0465,0.122,0.0,0.335,0.557,95.39,174000,4
5Ohxk2dO5COHF1krpoPigN,Sign of the Times,0.516,0.595,5,-4.63,1,0.0313,0.0275,0.0,0.109,0.222,119.972,340707,4
100fbGocyqbBPQkTDchi2g,TOO MUCH,0.753,0.719,10,-5.607,0,0.199,0.264,0.0,0.154,0.474,94.977,203895,4
3LtpKP5abr2qqjunvjlX5i,Doja,0.911,0.573,6,-7.43,1,0.288,0.38,0.0,0.403,0.972,140.04,97393,4
59NraMJsLaMCVtwXTSia8i,Prada,0.638,0.717,8,-5.804,1,0.0375,0.001,1.79e-06,0.113,0.422,141.904,132359,4
337kcYVjYXdLBItCw9ry3b,Overseas,0.838,0.623,8,-7.524,0,0.354,0.532,0.0,0.307,0.811,135.935,222155,4
4iZTNyPJuxpWmfjUQRDwBY,Pakistan,0.866,0.719,7,-5.817,0,0.301,0.45,0.0,0.112,0.857,76.967,174545,4
0TwBtDAWpkpM3srywFVOV5,Crazy In Love (feat. Jay-Z),0.664,0.758,2,-6.583,0,0.21,0.00238,0.0,0.0598,0.701,99.259,235933,4
1xzi1Jcr7mEi9K2RfzLOqS,CUFF IT,0.78,0.689,7,-5.668,1,0.141,0.0368,9.69e-06,0.0698,0.642,115.042,225389,4
2MfOcbtgz2yTsiznFmVZUN,Halo,0.508,0.72,11,-5.908,0,0.0628,0.272,0.0,0.0563,0.472,79.983,261640,4
2Y4ImmYsxc4bclzGlmvlzo,Water - Remix,0.739,0.749,6,-3.318,1,0.0746,0.12,0.0,0.149,0.505,117.03,200256,4
6wsqVwoiVH2kde4k4KKAFU,I KNOW ?,0.927,0.619,5,-4.441,0,0.0539,0.0186,0.0,0.104,0.817,117.995,211582,4
42VsgItocQwOQC3XWZ8JNA,FE!N (feat. Playboi Carti),0.569,0.882,3,-2.777,0,0.06,0.0316,0.0,0.142,0.201,148.038,191701,4
7ef4DlsgrMEH11cDZd32M6,One Kiss (with Dua Lipa),0.791,0.862,9,-3.24,0,0.11,0.037,2.19e-05,0.0814,0.592,123.994,214847,4
22dUzMFttcR3uU17NcOAIv,Desire (with Sam Smith),0.587,0.924,11,-5.433,0,0.0457,0.0311,0.0171,0.23,0.509,140.009,179162,4
4uUG5RXrOk84mYEfFvj3cK,I'm Good (Blue),0.561,0.965,7,-3.673,0,0.0343,0.00383,7.07e-06,0.371,0.304,128.04,175238,4
3BKD1PwArikchz2Zrlp1qi,Baby Don't Hurt Me,0.602,0.91,7,-3.404,1,0.0308,0.00126,0.000174,0.12,0.228,127.944,140018,4
0TDLuuLlV54CkRRUOahJb4,Titanium (feat. Sia),0.604,0.787,0,-3.674,0,0.103,0.0679,0.15,0.127,0.301,126.062,245040,4
0RiRZpuVRbi7oqRdSMwhQY,Sunflower - Spider-Man: Into the Spider-Verse,0.755,0.522,2,-4.368,1,0.0575,0.533,0.0,0.0685,0.925,89.96,157560,4
21jGcNKet2qwijlDFuPiPb,Circles,0.695,0.762,0,-3.497,1,0.0395,0.192,0.00244,0.0863,0.553,120.042,215280,4
5w40ZYhbBMAlHYNDaVJIUu,Chemical,0.498,0.897,2,-4.907,1,0.045,0.00136,0.0,0.118,0.373,169.902,184013,4
6wf7Yu7cxBSPrRlWeSeK0Q,"What Was I Made For? [From The Motion Picture ""Barbie""]",0.444,0.0911,0,-17.665,1,0.0307,0.959,1.05e-06,0.098,0.142,78.403,222370,4
0u2P5u6lvoDfwTYjAADbn4,lovely (with Khalid),0.351,0.296,4,-10.109,0,0.0333,0.934,0.0,0.095,0.12,115.284,200186,4
7hDVYcQq6MxkdJGweuCtl9,ocean eyes,0.511,0.363,4,-7.65,0,0.041,0.816,0.0317,0.084,0.169,144.892,200379,4
2dHHgzDwk4BJdRwy9uXhTO,Creepin' (with The Weeknd & 21 Savage),0.715,0.62,1,-6.005,0,0.0484,0.417,0.0,0.0822,0.172,97.95,221520,4
3F5CgOj3wFlRv51JsHbxhe,Jimmy Cooks (feat. 21 Savage),0.529,0.673,0,-4.711,1,0.175,0.000307,2.41e-06,0.093,0.366,165.921,218365,4
6pcywuOeGGWeOQzdUyti6k,Glock In My Lap,0.847,0.733,10,-6.439,0,0.16,0.00574,1.04e-05,0.151,0.202,130.029,193591,4
1kuGVB7EU95pJObxwvfwKS,vampire,0.511,0.532,5,-5.745,1,0.0578,0.177,0.0,0.291,0.35,138.005,219724,4
17cia5k4BpGVlyEfqrFH50,Can’t Catch Me Now - from The Hunger Games: The Ballad of Songbirds & Snakes,0.518,0.368,11,-7.76,0,0.0353,0.855,4.9e-06,0.119,0.234,141.934,205484,4
3IX0yuEVvDbnqUwMBB3ouC,bad idea right?,0.627,0.879,9,-3.446,1,0.0955,0.00193,6.87e-06,0.0647,0.748,129.979,184784,4
2Hh3ETdQKrmSI3QS0hme7g,Too Many Nights (feat. Don Toliver & with Future),0.684,0.671,7,-4.392,0,0.0464,0.189,2.37e-05,0.122,0.156,88.048,199920,4
0vjeOZ3Ft5jvAi9SBFJm1j,Superhero (Heroes & Villains) [with Future & Chris Brown],0.526,0.606,5,-5.3,0,0.259,0.152,2.36e-06,0.194,0.492,116.622,182667,4
1i9lZvlaDdWDPyXEE95aiq,TELEKINESIS (feat. SZA & Future),0.458,0.535,5,-4.854,0,0.0281,0.575,0.0,0.168,0.216,82.826,353755,4
3AJwUDP919kvQ9QcozQPxg,Yellow,0.429,0.661,11,-7.227,1,0.0281,0.00239,0.000121,0.234,0.285,173.372,266773,4
3Fcfwhm8oRrBvBZ8KGhtea,Viva La Vida,0.486,0.617,5,-7.115,0,0.0287,0.0954,3.23e-06,0.109,0.417,138.015,242373,4
6RUKPb4LETWmmr3iAEQktW,Something Just Like This,0.617,0.635,11,-6.769,0,0.0317,0.0498,1.44e-05,0.164,0.446,103.019,247160,4
5IgjP7X4th6nMNDh4akUHb,Under The Influence,0.733,0.69,9,-5.529,0,0.0427,0.0635,1.18e-06,0.105,0.31,116.992,184613,4
3XqM8hLCEYlbnFjoWwqtFv,Angel Numbers / Ten Toes,0.406,0.5,4,-8.452,0,0.0501,0.192,0.0,0.175,0.0905,157.984,306847,4
3di5hcvxxciiqwMH1jarhY,Set Fire to the Rain,0.603,0.67,2,-3.882,0,0.0249,0.00408,1.68e-06,0.112,0.446,107.993,242974,4
46IZ0fSY2mpAiktS3KOqds,Easy On Me,0.604,0.366,5,-7.519,1,0.0282,0.578,0.0,0.133,0.13,141.981,224695,4
4OSBTYWVwsQhGLF9NHvIbR,Rolling in the Deep,0.73,0.769,8,-5.114,1,0.0298,0.138,0.0,0.0473,0.507,104.948,228093,4
7qEHsqek33rTcFNT9PFqLf,Someone You Loved,0.501,0.405,1,-5.679,1,0.0319,0.751,0.0,0.105,0.446,109.891,182161,4
2gMXnyrvIjhVBUZwvLZDMP,Before You Go,0.459,0.575,3,-4.858,1,0.0573,0.604,0.0,0.0885,0.183,111.881,215107,4
3gdPwk2wyOXNRnTA1KXnEr,Wish You The Best,0.676,0.461,3,-3.59,1,0.0304,0.555,0.0,0.0951,0.466,107.95,210880,4
5wG3HvLhF6Y5KTGlK0IW3J,Trance (with Travis Scott & Young Thug),0.571,0.549,1,-7.38,0,0.404,0.18,0.0,0.168,0.447,119.497,194787,4
7DSAEUvxU8FajXtRloy8M0,Flowers,0.706,0.691,0,-4.775,1,0.0633,0.0584,6.99e-05,0.0232,0.632,118.048,200600,4
1daDRI9ahBonbWD8YcxOIB,Angels Like You,0.672,0.642,5,-4.035,1,0.0313,0.0981,0.0,0.1,0.494,121.981,196453,4
3E7dfMvvCLUddWissuqMwr,Party In The U.S.A.,0.652,0.698,10,-4.667,0,0.042,0.00112,0.000115,0.0886,0.47,96.021,202067,4
3GCdLUSnKSMJhs4Tj6CV3s,All The Stars (with SZA),0.698,0.633,8,-4.946,1,0.0597,0.0605,0.000194,0.0926,0.552,96.924,232187,4
7KXjTSCq5nL1LoYtL7XAwS,HUMBLE.,0.908,0.621,1,-6.638,0,0.102,0.000282,5.39e-05,0.0958,0.421,150.011,177000,4
0lizgQ7Qw35od7CYaoMBZb,Santa Tell Me,0.525,0.621,7,-7.364,1,0.116,0.0489,0.0,0.294,0.591,191.9,204093,4
2O3MQ6H3gjrIWDcpeTrikT,"Santa, Can’t You Hear Me",0.495,0.896,11,-2.381,1,0.0331,0.005,0.0,0.353,0.462,146.04,242645,4
4W4fNrZYkobj539TOWsLO2,Die For You (with Ariana Grande) - Remix,0.575,0.5,1,-7.594,0,0.0707,0.227,0.0,0.335,0.506,67.033,232857,4
78QR3Wp35dqAhFEc2qAGjE,Drip Too Hard (Lil Baby & Gunna),0.897,0.662,1,-6.903,0,0.292,0.0852,0.0,0.534,0.389,112.511,145543,4
5BbdKBZO0TH0GhfxUfyhL9,Freestyle,0.877,0.517,2,-5.426,0,0.0706,0.217,0.0,0.143,0.255,119.996,162053,4
577YBGuskWkVDCxZrLRB4v,Pure Cocaine,0.964,0.487,10,-6.071,0,0.421,0.00127,6.57e-06,0.115,0.107,127.05,154024,4
0SlpFHdk4UHBDzCEoXzy14,Stop Crying Your Heart Out,0.331,0.558,2,-5.506,1,0.031,0.0689,1.96e-06,0.124,0.0985,150.19,303120,4
4VXIryQMWpIdGgYR4TrjT1,All Girls Are The Same,0.671,0.529,0,-7.226,1,0.307,0.0769,0.000335,0.0856,0.203,161.989,165820,4
285pBltuF7vW8TeWk8hdRR,Lucid Dreams,0.511,0.566,6,-7.23,0,0.2,0.349,0.0,0.34,0.218,83.903,239836,4
4qmG24ebshLXtKu9HIShBP,Lace It (with Eminem & benny blanco),0.773,0.597,2,-7.138,1,0.309,0.194,0.0,0.22,0.305,160.101,217527,4
0ofHAoxe9vBkTCp2UQIavz,Dreams - 2004 Remaster,0.828,0.492,0,-9.744,1,0.0276,0.0644,0.00428,0.128,0.789,120.151,257800,4
5e9TFTbltYBg2xThimr0rU,The Chain - 2004 Remaster,0.545,0.67,9,-8.81,1,0.0496,0.009,0.000822,0.0451,0.481,151.553,270213,4
254bXAqt3zP6P50BdQvEsq,Everywhere - 2017 Remaster,0.73,0.487,4,-10.991,1,0.0303,0.258,0.01,0.0852,0.731,114.965,226653,4
56y1jOTK0XSvJzVv9vHQBK,Paint The Town Red,0.864,0.556,2,-7.683,0,0.194,0.255,3.85e-06,0.112,0.726,99.974,230480,4
5PyDJG7SQRgWXefgexqIge,Agora Hills,0.755,0.687,8,-6.247,0,0.101,0.183,0.000177,0.125,0.381,123.01,265360,4
3DarAbFujv6eYNliUTyqtz,Kiss Me More (feat. SZA),0.764,0.705,8,-3.463,1,0.0284,0.259,8.92e-05,0.12,0.781,110.97,208667,4
68Dni7IE4VyPkTOH9mRWHr,No Role Modelz,0.69,0.521,10,-8.492,0,0.339,0.324,0.0,0.0534,0.494,100.028,292799,4
4tqcoej1zPvwePZCzuAjJd,Wet Dreamz,0.495,0.722,6,-8.108,0,0.357,0.0697,0.0,0.113,0.539,175.627,239267,4
5wtSei6pJpDEB1iKqPHhfU,Houdini,0.739,0.79,9,-4.87,0,0.0654,0.00574,0.00073,0.085,0.865,116.987,185918,4
1vYXt7VSjH9JIM5oRRo7vA,Dance The Night - From Barbie The Album,0.671,0.845,11,-4.93,0,0.048,0.0207,0.0,0.329,0.775,110.056,176579,4
6JIC3hbC28JZKZ8AlAqX8h,Cold Heart - PNAU Remix,0.795,0.8,1,-6.32,1,0.0309,0.0354,7.25e-05,0.0915,0.934,116.032,202735,4
1fDFHXcykq4iw8Gg7s5hG9,About You,0.416,0.762,2,-7.385,1,0.0279,0.312,0.804,0.0559,0.461,95.967,326491,4
4m0q0xQ2BNl9SCAGKyfiGZ,Somebody Else,0.618,0.793,0,-5.711,1,0.0601,0.204,0.0154,0.126,0.459,101.015,347526,4
73jVPicY2G9YHmzgjk69ae,Robbers,0.621,0.692,4,-6.858,1,0.0291,0.000363,1.75e-05,0.335,0.381,99.806,254510,4
4RoKNqyZ9622tcAeNPNv5k,City Boys,0.808,0.634,2,-6.764,0,0.172,0.0851,0.0,0.127,0.569,100.03,153347,4
5YbPxJwPfrj7uswNwoF1pJ,Last Last,0.795,0.565,3,-4.457,0,0.0948,0.131,0.0,0.0802,0.55,87.925,172342,4
6dGnYIeXmHdcikdzNNDMm2,Here Comes The Sun - Remastered 2009,0.557,0.54,9,-10.484,1,0.0347,0.0339,0.00248,0.179,0.394,129.171,185733,4
7eT64Q8X2RsgMm4lqtWK4n,Now And Then,0.438,0.547,4,-7.895,0,0.027,0.217,6.5e-05,0.314,0.4,87.188,248640,4
2EqlS6tkEnglzr7tkKAAYD,Come Together - Remastered 2009,0.533,0.376,9,-11.913,0,0.0393,0.0302,0.248,0.0926,0.187,165.007,259947,4
7xapw9Oy21WpfEcib2ErSA,Mistletoe,0.657,0.56,6,-9.049,0,0.0467,0.498,0.0,0.0794,0.854,161.993,182947,4
567e29TDzLwZwfDuEpGTwo,STAY (with Justin Bieber),0.591,0.764,1,-5.484,1,0.0483,0.0383,0.0,0.103,0.478,169.928,141806,4
6I3mqTwhRpn34SLVafSH7G,Ghost,0.601,0.741,2,-5.569,1,0.0478,0.185,2.91e-05,0.415,0.441,153.96,153190,4
5mHdCZtVyb4DcJw8799hZp,Escapism.,0.538,0.742,2,-5.355,1,0.114,0.138,4.67e-05,0.0934,0.25,96.107,272373,4
3XCpS4k8WqNnCpcDOSRRuz,Escapism. - Sped Up,0.435,0.768,6,-5.352,0,0.201,0.0857,0.000231,0.0918,0.378,107.588,239888,4
1QV6tiMFM6fSOKOGLMHYYg,Poker Face,0.851,0.806,4,-4.62,1,0.0787,0.118,1.64e-06,0.121,0.787,118.999,237200,4
2VxeLyX666F8uXCJ0dZF8B,Shallow,0.572,0.385,7,-6.362,1,0.0308,0.371,0.0,0.231,0.323,95.799,215733,4
0SiywuOBRcynK0uKGWdCnn,Bad Romance,0.696,0.921,0,-3.755,1,0.0363,0.00314,5.24e-05,0.0842,0.714,119.001,294573,4
11P4sSu6BH2lAbWk1sL6cK,Step Into Christmas - Remastered 1995,0.54,0.928,2,-6.252,1,0.0337,0.0887,1.11e-05,0.314,0.796,140.419,272333,4
2xGO2UjzxeVQSIkyg98vck,Thank God It's Christmas - Non-Album Single,0.296,0.421,7,-8.891,1,0.0285,0.214,0.0,0.232,0.335,83.425,261627,5
5T8EDUDqKcs6OSOwEsfqG7,Don't Stop Me Now - Remastered 2011,0.559,0.868,5,-5.276,1,0.17,0.0475,0.000176,0.776,0.609,156.295,209413,4
4u7EnebtmKWzUH433cf5Qv,Bohemian Rhapsody - Remastered 2011,0.414,0.404,0,-9.928,0,0.0499,0.271,0.0,0.3,0.224,71.105,354320,4
1a73gcEg6h6Re6hHXoVltJ,FTCU,0.928,0.458,11,-6.751,1,0.187,0.0175,0.000446,0.118,0.242,144.995,172138,4
5ZJGv7aGdIr9IGpxzSG18T,Everybody (feat. Lil Uzi Vert),0.736,0.769,11,-5.546,0,0.258,0.027,0.0,0.23,0.388,137.947,180870,4
2S5NuP68ckFRvC0qMd7dVR,Beauty And A Beat,0.587,0.82,0,-5.319,1,0.0668,0.0011,7.36e-06,0.131,0.578,127.976,226613,4
3w3y8KPTfNeOKPiqUTakBh,Locked out of Heaven,0.726,0.698,5,-4.165,1,0.0431,0.049,0.0,0.309,0.867,143.994,233478,4
0nJW01T7XtvILxQgC5J7Wh,When I Was Your Man,0.612,0.28,0,-8.648,1,0.0434,0.932,0.0,0.088,0.387,72.795,213827,4
47Slg6LuqLaX0VodpSCvPt,Just the Way You Are,0.635,0.841,5,-5.379,1,0.0422,0.0134,0.0,0.0622,0.424,109.021,220734,4
1mKXFLRA179hdOWQBwUk9e,Just Give Me a Reason (feat. Nate Ruess),0.778,0.547,2,-7.273,1,0.0489,0.346,0.000302,0.132,0.441,95.002,242733,4
1gv4xPanImH17bKZ9rOveR,Raise Your Glass,0.7,0.709,7,-5.006,1,0.0838,0.0048,0.0,0.029,0.624,122.019,202960,4
1gUwi1o1S9W9P0FQgJdY8s,TRUSTFALL,0.636,0.888,8,-3.889,1,0.0945,0.00162,0.000216,0.147,0.25,122.032,237200,4
5qaEfEh1AtSdrdrByCP7qR,Demons,0.505,0.71,3,-3.015,1,0.0321,0.19,0.00025,0.269,0.428,89.938,177507,4
0pqnGHJpmpxLKifKRmU6WP,Believer,0.776,0.78,10,-4.374,0,0.128,0.0622,0.0,0.081,0.666,124.949,204347,4
54ipXppHLA8U4yqpOFTUhr,Bones,0.772,0.75,5,-3.67,0,0.0455,0.0201,0.0,0.074,0.587,114.061,165265,4
5LkmpgQYtwHtuvASgnLBe1,ダンスホール,0.736,0.695,7,-3.87,1,0.0468,0.0209,0.0,0.0517,0.784,109.976,203150,4
170XOP1T4MvY9TLTgPw07D,Magic,0.671,0.758,7,-3.793,1,0.0474,0.0604,0.0,0.332,0.537,117.51,263107,4
2vOAHp8PBBFYqvQUWSoITY,インフェルノ,0.533,0.918,4,-2.095,1,0.0616,0.00894,0.0,0.643,0.662,92.504,211600,4
1pCcNaCodPssCc8Aq68gPS,Kaiju no Hanauta,0.335,0.943,2,-3.176,1,0.067,0.00334,0.0,0.324,0.64,75.093,224805,4
1YXot2MLAG9sttepCtBRM7,踊り子,0.712,0.517,7,-10.157,1,0.0533,0.826,0.8,0.0949,0.686,157.038,229328,4
6WT1tWfxUQREmEwzc4TRMV,Fukakoryoku,0.691,0.826,2,-4.9,1,0.0423,0.0139,5.03e-06,0.0604,0.62,94.033,200242,4
1hAloWiinXLPQUJxrJReb1,アイドル,0.457,0.941,10,-2.692,0,0.0917,0.105,1.38e-06,0.437,0.876,165.783,211733,4
0YTM7bCx451c6LQbkddy4Q,勇者,0.655,0.907,5,-3.868,1,0.0488,0.0351,1.37e-05,0.15,0.506,103.968,194267,4
6MCjmGYlw6mQVWRFVgBRvB,夜に駆ける,0.663,0.871,8,-5.287,1,0.03,0.00299,1.8e-06,0.337,0.826,130.025,258840,4
5P8ZvBQoCrujjNcLAxO3Su,クリスマスソング,0.404,0.705,4,-3.324,1,0.0315,0.128,0.0,0.123,0.42,154.02,340080,4
3RvdkNMcSy71m0aT6UF9Uf,水平線,0.424,0.761,10,-3.526,1,0.0305,0.0103,0.0,0.145,0.424,145.816,288013,4
4FMz2RFrbDGzJO7K4D0vS3,HAPPY BIRTHDAY,0.482,0.602,11,-4.365,1,0.0303,0.0702,0.0,0.0677,0.535,145.988,258333,4
4zrKPIygugUDKGFEjVwpSB,Subtitle,0.649,0.683,6,-6.49,1,0.0424,0.0313,0.0,0.118,0.381,130.0,305509,4
6wffxmLgeZTbvS1hYvLkht,Tattoo,0.481,0.901,0,-5.629,1,0.163,0.0114,0.0,0.314,0.817,194.084,288100,4
1JrxwbZ9u0VNwemdcJwZNi,SOULSOUP,0.507,0.939,11,-4.299,0,0.0882,0.00104,0.0,0.279,0.618,144.046,314469,4
5Odq8ohlgIbQKMZivbWkEo,Left and Right (Feat. Jung Kook of BTS),0.881,0.592,2,-4.898,1,0.0324,0.619,1.32e-05,0.0901,0.719,101.058,154487,4
46HNZY1i7O6jwTA7Slo2PI,My Universe,0.573,0.711,1,-6.268,0,0.0406,0.0114,0.0,0.328,0.47,105.006,226198,4
5QDLhrAOJJdNAmCTJ8xMyW,Dynamite,0.746,0.765,6,-4.41,0,0.0993,0.0112,0.0,0.0936,0.737,114.044,199054,4
4JK1kDUdH9RTBQrrSO1QfR,ベテルギウス,0.367,0.671,5,-4.604,1,0.0478,0.222,0.0,0.494,0.691,179.833,230600,4
7M0dIdZWN1FDcveRdoOzbZ,ビリミリオン,0.364,0.628,10,-6.142,1,0.0319,0.238,0.0,0.0931,0.612,93.792,228760,3
4kPlQKwtPrnqLgrmmKFSlA,ドライフラワー,0.463,0.603,7,-5.464,1,0.0276,0.495,0.0,0.167,0.477,148.089,286360,4
3khEEPRyBeOUabbmOPJzAG,KICK BACK,0.577,0.941,1,-5.17,1,0.105,0.00207,3.36e-06,0.0891,0.292,101.921,193495,4
6x7SB38tuekpu4xpH9OIPY,地球儀 - Spinning Globe,0.642,0.289,10,-11.86,1,0.0472,0.763,0.0,0.0856,0.282,78.004,273438,4
04TshWXkhV1qkqHzf31Hn6,Lemon,0.525,0.646,11,-4.963,1,0.0268,0.304,0.0,0.297,0.373,86.957,255827,4
59eluCMn0XbOWqeWQ91FTM,君はロックを聴かない,0.524,0.687,7,-4.039,1,0.0267,0.00135,0.0,0.169,0.619,99.919,246307,4
2piySGAWgVwsRKm60SfOmF,ai no hana,0.469,0.507,10,-6.21,1,0.0303,0.287,0.0,0.0773,0.469,170.028,240044,3
5NqGfELjcdvRIUuhgZJ34W,Marigold,0.545,0.745,2,-3.098,1,0.0286,0.0452,0.0,0.0907,0.413,106.094,306627,4
1rDgAHDX95RmylxjgVW9tN,Show,0.616,0.975,10,-0.425,0,0.208,0.172,1.62e-06,0.143,0.742,132.054,189773,4
6A8NfypDHuwiLWbo4a1yca,New Genesis,0.49,0.987,7,-2.279,1,0.253,0.049,3.24e-06,0.406,0.451,175.064,226813,4
61KYsWS25JXUO4fGb1138X,Usseewa,0.526,0.976,11,-1.084,0,0.0799,0.00459,0.0,0.102,0.554,178.129,206893,4
308Ir17KlNdlrbVLHWhlLe,The Feels,0.808,0.903,9,-2.179,1,0.0729,0.0899,0.0,0.0816,0.922,120.044,198053,4
5IN9W6eUfk3014My9awagX,MOONLIGHT SUNRISE,0.746,0.78,1,-3.279,1,0.0563,0.401,4.08e-06,0.0895,0.607,125.089,180320,4
3zhbXKFjUDw40pTYyCgt1Y,What is Love,0.574,0.909,8,-1.573,1,0.0658,0.0987,0.0,0.264,0.569,169.966,208240,4
1n1y2kFPISpF9WGD3JaFo5,Suzume,0.565,0.41,2,-6.616,0,0.0311,0.65,0.0,0.309,0.36,78.01,238560,4
5mEqD00bdFcsiVd0MfvEeF,Dream lantern,0.206,0.871,8,-5.751,1,0.419,0.0316,6.55e-05,0.0596,0.125,175.6,131667,3
3A4FRzgve9BjfKbvVXRIFO,Sparkle - movie ver.,0.372,0.426,11,-8.421,1,0.0339,0.687,0.00784,0.109,0.287,123.993,537653,4
0GWNtMohuYUEHVZ40tcnHF,SPECIALZ,0.566,0.85,6,-4.431,0,0.0599,0.0663,0.0,0.319,0.722,117.048,238987,4
0J0P8iSE6l3pYHbUdNFYdS,カメレオン,0.628,0.533,0,-7.235,1,0.0417,0.643,0.0,0.0733,0.459,79.953,193990,4
7ncPjJBktLEOpstY5JOUMK,一途,0.5,0.964,2,-4.19,1,0.124,0.00723,6.2e-05,0.0557,0.662,159.971,190607,4
5sdQOyqq2IDhvmx2lHOpwd,Super Shy,0.776,0.817,5,-6.018,0,0.0748,0.18,3.44e-05,0.146,0.515,149.921,154667,4
65FftemJ1DbbZ45DUfHJXE,OMG,0.804,0.771,9,-4.067,0,0.0433,0.357,3.07e-06,0.108,0.739,126.956,212253,4
3r8RuvgbX9s7ammBn07D3W,Ditto,0.814,0.641,6,-5.957,0,0.111,0.027,0.0,0.0993,0.183,133.854,185507,4
5W7Y92LB4jWvu9NeEQ0GZl,なんでもないよ、,0.598,0.511,4,-6.015,1,0.0423,0.245,0.0,0.0732,0.652,171.845,219253,4
5N19AxnqLwLyi4DSgiJ0qV,リンジュー・ラヴ,0.665,0.782,11,-5.37,1,0.0282,0.234,0.0,0.0822,0.62,103.011,188030,4
2SihT7AVMiI2VtaAyVIcnO,恋人ごっこ,0.438,0.646,1,-5.301,1,0.0361,0.124,0.0,0.0603,0.745,102.033,200219,4
3wJHCry960drNlAUGrJLmz,ただ君に晴れ,0.679,0.834,5,-3.223,1,0.032,0.343,5.74e-06,0.119,0.962,139.996,198971,4
5j7ixaLeGTGSv4DzKs0pCM,だから僕は音楽を辞めた,0.65,0.88,4,-5.326,1,0.0283,0.36,0.00369,0.23,0.921,124.985,242913,4
6z1TvLTR0oOsWSJfDrERmj,言って。,0.608,0.749,0,-4.605,1,0.0536,0.00745,0.000297,0.0366,0.821,180.014,242182,4
0o9zmvc5f3EFApU52PPIyW,Shinunoga E-Wa,0.6,0.76,6,-6.124,0,0.0452,0.166,4.09e-05,0.189,0.519,158.078,185573,4
02tNuntKQsoou5T4O8meyh,Hana,0.769,0.716,5,-8.203,0,0.0429,0.118,0.00659,0.158,0.66,123.031,246700,4
7AMGgAPFczs3wJgMqu6Eqi,Matsuri,0.663,0.731,1,-7.335,1,0.0338,0.00892,0.0502,0.293,0.356,97.025,225920,4
1H3qOzheTPhE7aVvJOWfvA,美しい鰭,0.545,0.913,1,-3.565,1,0.0298,0.0107,0.00029,0.245,0.747,98.047,211920,4
1OG1NoKpZZLrMqMYCk9m84,LALALALA,0.705,0.849,0,-2.595,1,0.0493,0.0647,0.0,0.653,0.609,125.976,182224,4
3gTQwwDNJ42CCLo3Sf4JDd,S-Class,0.886,0.781,5,-1.837,0,0.333,0.0895,0.0,0.0715,0.672,104.996,195689,4
5Q1tv4GTxP3IJeGMOKdrFO,MEGAVERSE,0.613,0.73,10,-3.645,0,0.122,0.00875,2.25e-06,0.268,0.576,160.051,185520,4
4UALTBWz0OdQcjbTsjFceV,Cinderella Boy,0.596,0.735,9,-6.362,1,0.0332,0.0748,0.0,0.269,0.524,108.106,234324,4
37ZddqLVyF23NIg5I17SBd,Itsuka,0.603,0.509,7,-4.535,1,0.0263,0.0941,0.0,0.201,0.445,79.989,274872,4
3f8WNy5rgXq7J74qjExRkb,Yui,0.53,0.661,6,-7.09,1,0.0408,0.224,0.0,0.169,0.538,153.935,264840,4
3AOf6YEpxQ894FmrwI9k96,Super,0.771,0.88,8,-4.091,1,0.0857,0.162,1.41e-06,0.167,0.347,137.018,200387,4
4MTNimMDRyFZv37Thcktwa,God of Music,0.728,0.912,11,-2.55,0,0.167,0.0458,0.0,0.102,0.808,120.044,205133,4
6I2tqFhk8tq69iursYxuxd,HOT,0.765,0.777,5,-4.376,0,0.0399,0.0539,2.58e-06,0.338,0.64,111.944,197587,4
0YAMQSmHk6BSUGTYpaoqTJ,Wherever you are,0.379,0.69,4,-4.79,1,0.0549,0.0286,0.0,0.335,0.288,173.716,295600,4
4WVJeRP6hjMMBkmWsV4TtF,Make It Out Alive,0.495,0.936,1,-2.477,0,0.0717,1.02e-05,0.000193,0.0909,0.398,137.047,209799,4
4zXRMjTaeflesB3Ih4eHnJ,Stand Out Fit In,0.615,0.841,11,-5.352,1,0.0416,0.0178,0.0,0.133,0.316,126.026,214573,4
7DyS11kB1YNrfDzQqtjmTh,"Stand by me, Stand by you.",0.66,0.576,3,-5.627,1,0.0363,0.0879,0.0,0.0599,0.561,80.978,193013,4
1GlT0DZKjapYwJzRcdBh4F,Buddy,0.786,0.482,6,-6.82,1,0.0477,0.156,0.0,0.34,0.617,89.992,174233,4
6skNbV22epX2yHu4O2hYSx,題名のない今日,0.707,0.479,11,-6.088,1,0.0328,0.2,0.0,0.384,0.633,87.012,193709,4
2flCpqsq9WAwFTjrtWtYBc,Relay~Mori no Uta,0.556,0.588,7,-6.353,1,0.0275,0.815,0.375,0.109,0.549,88.016,239494,4
0POtzhZLoUX2bsFatFD4rD,Bongiri koiuta,0.573,0.945,9,-2.142,0,0.054,0.0901,0.0,0.0959,0.776,153.981,259481,4
1gDOmbdOhMADkmNSU9eUMb,Utae Nippon no Sora,0.525,0.641,2,-5.335,1,0.0265,0.498,0.000108,0.362,0.787,142.902,247754,4
0AU7xhipAm9Saq0k8A9Iua,HANABI,0.638,0.766,1,-5.541,1,0.0268,0.157,0.0,0.124,0.595,112.005,342773,4
2CbDcSVFCbMSfLMoZiAFYN,Tomorrow never knows,0.637,0.485,0,-10.263,1,0.0245,0.173,0.0,0.122,0.403,109.035,308293,4
60ba7YZ3yqbCDGAkPNXzBh,名もなき詩,0.555,0.852,7,-5.094,1,0.0375,0.0417,0.0,0.2,0.7,125.898,328173,4
2hXPmiqKdXcbV0L1VKnTDN,最高到達点,0.647,0.959,6,-3.835,1,0.0477,0.0737,0.0,0.0683,0.807,132.002,227469,4
2uMNMcjjUz8oNIxjIu20qE,Habit,0.749,0.85,10,-5.39,0,0.126,0.203,0.0,0.18,0.912,117.968,253154,4
4XdzCpY4Ekv5SezuuFpBDG,Dragon Night,0.616,0.825,10,-4.349,1,0.125,0.0342,8.7e-06,0.405,0.548,124.013,229293,4
3cBghvTcQNDNkW98Y4eGaP,W / X / Y,0.628,0.775,2,-4.479,1,0.0535,0.159,0.0,0.33,0.674,106.382,278119,3
40gt89icqkSFqWWfMlqagb,Mouichido,0.571,0.724,11,-5.381,1,0.0381,0.00408,0.0,0.361,0.315,131.975,250767,4
0aLfQ35218wQrfCwNr0woA,Okaeri,0.337,0.775,5,-4.134,1,0.0609,0.591,0.0,0.0687,0.862,167.988,225829,3
0cdyZ4VMs900wQLHRIyy97,Love So Sweet,0.584,0.849,0,-3.983,1,0.0403,0.1,0.0,0.304,0.707,139.032,289846,4
3MiKEHatYtQrE0QSCdVRF0,Happiness,0.591,0.915,1,-3.018,1,0.0431,0.00649,0.0,0.0825,0.712,115.012,258251,4
7eYJMiwmWFwVMbx2G39GgC,One Love,0.553,0.937,10,-3.173,1,0.0461,0.194,0.0,0.405,0.693,102.982,285459,4
6twDMJoG8tzwL21LQ3EEtA,Mainstream,0.901,0.714,10,-3.918,1,0.125,0.246,0.0,0.0529,0.52,100.011,207053,4
37xJCjdzJ17S1jCDz3GwsB,Boom Boom Back,0.786,0.776,5,-4.553,0,0.0614,0.0484,0.0,0.0593,0.647,100.006,188400,4
2P7T4KMNrQ7mLXERZHhWYE,Glorious,0.607,0.825,8,-5.483,1,0.0838,0.0953,0.0,0.0813,0.283,80.942,281427,4
39HrUxcvKF3jtLz7fUDWXc,First Love,0.438,0.434,7,-8.37,1,0.0371,0.122,0.0,0.15,0.195,179.913,257293,4
6DaKMsQDmHMJbKYyU7AUFA,One Last Kiss,0.597,0.542,8,-10.703,0,0.0563,0.698,0.00264,0.0986,0.397,111.985,249904,4
4nYtqZDscX8TLvR4p0ON1s,道,0.754,0.716,5,-5.125,0,0.0515,0.305,1.3e-06,0.114,0.397,117.087,216013,4
2Bsg6EfrmEx0x0eC8v4vuG,栞,0.505,0.883,6,-3.094,1,0.0481,0.0117,0.0,0.0578,0.666,100.496,261547,4
0bQcCm1gmBavM1NYBxPvbe,He Is Mine,0.483,0.938,2,-3.086,1,0.205,0.0211,6.54e-05,0.0653,0.439,158.183,197027,4
2XvtKqNuL8vCkekyzmb8OJ,キケンナアソビ,0.683,0.684,11,-5.325,1,0.0307,0.138,0.0,0.16,0.674,88.018,241213,4
3Ro8jrbsWu0VSk1odLLYuo,いつかのメリークリスマス,0.589,0.521,7,-7.517,1,0.0259,0.497,0.0,0.119,0.243,99.893,334319,4
3IYcbagYZ9z1Svaw8B33Pd,イチブトゼンブ,0.564,0.94,7,-3.132,1,0.0677,0.0988,1.09e-05,0.108,0.613,109.03,249797,4
4zz5dSunCrg0pmNT4ZzBf5,ultra soul,0.585,0.972,1,-4.33,0,0.0572,0.0027,0.133,0.323,0.706,126.559,219944,4
74X2u8JMVooG2QbjRxXwR8,Perfect Night,0.697,0.82,5,-4.502,1,0.0308,0.1,0.0,0.0631,0.502,136.054,159080,4
0bMoNdAnxNR0OuQbGDovrr,ANTIFRAGILE,0.879,0.784,10,-3.944,0,0.081,0.0759,0.0,0.125,0.83,105.019,184444,4
51vRumtqbkNW9wrKfESwfu,UNFORGIVEN (feat. Nile Rodgers),0.795,0.875,4,-4.079,0,0.0525,0.111,8.94e-05,0.107,0.375,104.008,182149,4
2cErTn7DU75ZILisPP34TB,残響散歌,0.378,0.899,11,-4.594,1,0.0968,0.0181,0.0,0.158,0.454,170.88,184893,4
2HovXsvcdJur52BOcYGydz,カタオモイ,0.621,0.533,1,-5.974,1,0.0342,0.78,0.0,0.333,0.791,96.981,207360,4
6ts1KCOudfDYXYfyWtq0k1,おもかげ (produced by Vaundy),0.488,0.638,8,-4.502,1,0.058,0.0258,2.24e-05,0.12,0.713,207.906,188060,4
70t7Q6AYG6ZgTYmJWcnkUM,I AM,0.683,0.875,4,-4.866,0,0.0549,0.0115,0.0,0.084,0.384,122.002,183853,4
7uyeEbG6hyApgXuEypGcsZ,Baddie,0.736,0.678,5,-4.503,1,0.0464,0.0459,5.46e-06,0.104,0.757,160.045,154360,4
2gYj9lubBorOPIVWsTXugG,After LIKE,0.68,0.922,0,-1.215,1,0.121,0.103,0.0,0.0877,0.799,125.014,176973,4
66jdKha03fC7OMdkGyQHDM,Monopoly,0.444,0.917,5,-2.091,0,0.0366,0.0721,0.0,0.223,0.657,162.95,238187,4
2JAwscGWJvCSK0HnES066Z,おひとりさま天国,0.585,0.918,3,-3.019,1,0.0384,0.014,0.0,0.342,0.746,125.03,255187,4
4bY2oZGA5Br3pTE1Jd1IfY,月の大きさ,0.555,0.941,9,-3.294,0,0.0481,0.484,0.0,0.266,0.813,92.487,236293,4
4SFknyjLcyTLJFPKD2m96o,How You Like That,0.812,0.761,11,-5.222,1,0.0812,0.0465,0.000135,0.0601,0.344,130.032,182956,4
7gRFDGEzF9UkBV233yv2dc,Shut Down,0.818,0.69,0,-5.119,1,0.0454,0.00327,0.0,0.186,0.688,110.071,175889,3
5zwwW9Oq7ubSxoCGyW1nbY,Pink Venom,0.693,0.734,4,-6.189,1,0.202,0.0145,0.0,0.217,0.708,180.06,186964,4
2VBLFxCUyFp5BfmsZpxcis,絆ノ奇跡,0.436,0.951,7,-4.748,0,0.202,0.0046,0.0,0.149,0.428,169.955,223320,4
7FeEiAWqWScpMFnlLSUvX2,Anytime Anywhere,0.365,0.767,4,-4.107,1,0.0659,0.498,0.0,0.156,0.399,109.261,230450,5
2HRgqmZQC0MC7GeNuDIXHN,Seven (feat. Latto) (Explicit Ver.),0.79,0.831,11,-4.185,1,0.044,0.312,0.0,0.0797,0.872,124.987,183551,4
2KslE17cAJNHTsI2MI0jb2,Standing Next to You,0.711,0.809,2,-4.389,0,0.0955,0.0447,0.0,0.339,0.816,106.017,206020,4
01qFKNWq73UfEslI0GvumE,3D (feat. Jack Harlow),0.853,0.824,1,-3.287,1,0.103,0.0322,0.0,0.0859,0.888,108.044,201812,4
2m6HgwjakjAXimujX8m4sk,BLEED,0.566,0.417,10,-7.025,0,0.0256,0.647,0.0,0.188,0.669,174.798,169990,3
2fJbss5uUmmBqn7qFkmyWj,残機,0.667,0.899,2,-2.988,1,0.0671,0.418,0.0,0.0967,0.826,140.954,230373,4
4HgsPAX3MmMgIT60hJ4W4U,秒針を噛む,0.655,0.962,1,-3.055,0,0.0443,0.0197,5.56e-06,0.253,0.775,129.902,260800,4
7rzoBRR4LbJZH5t7Q6qeTn,あいつら全員同窓会,0.724,0.925,10,-2.092,1,0.12,0.441,0.0,0.0527,0.91,130.977,254533,4
7qOsSOpiL3R8RKyiBtIYNQ,SOUVENIR,0.622,0.94,2,-4.997,1,0.0413,0.0094,6.48e-06,0.0957,0.96,158.056,264127,4
0vMBqdJIkmflvFk728hKH7,Sleep Walking Orchestra,0.677,0.836,1,-6.065,1,0.0283,0.00365,6.28e-05,0.235,0.83,126.983,235659,4
3hRRYgBeunE3PTmnzATTS0,天体観測,0.366,0.949,1,-3.552,1,0.11,0.381,0.0,0.0902,0.467,164.979,263600,4
3MR8qQiK1Bydhw9WjAzwzU,スパークル,0.617,0.629,11,-4.122,1,0.0448,0.389,0.0,0.0798,0.603,149.858,210500,4
0avegfB0TQ8cGDk9nuxcOQ,Answer,0.566,0.509,0,-5.342,1,0.0367,0.428,0.0,0.125,0.441,79.885,242106,4
1VHL1PIkhDwWbFc65xHwOr,愛とか恋とか,0.697,0.556,6,-5.089,1,0.0364,0.698,0.0,0.0991,0.404,89.987,232453,4
7tGDXCPLpAScEwmqab9YZd,Walking with you,0.422,0.969,7,-0.824,1,0.0591,0.00585,0.0,0.533,0.496,92.524,223187,4
6sElEqOIGENWjpxGFeo5ct,ツキミソウ,0.504,0.645,6,-3.244,1,0.0352,0.432,0.0,0.231,0.473,77.959,312053,4
6Qq8UOS6QzeSYFUVXC5wEB,何度でも,0.551,0.768,4,-5.147,1,0.0386,0.213,0.0,0.253,0.35,100.037,222760,4
1tcEqPHAQCOKIHwUMQ2POT,LOVE LOVE LOVE,0.447,0.383,1,-10.62,1,0.0263,0.474,0.0,0.11,0.276,83.929,204493,4
1jv8fStBVa5PTklNdKltXl,やさしいキスをして,0.52,0.61,7,-5.859,0,0.0266,0.161,0.0,0.153,0.255,83.939,224347,4
2EmkTBTh964LQen4Vz0svg,花になって - Be a flower,0.569,0.953,10,-2.018,0,0.109,0.166,5.78e-06,0.071,0.477,96.047,199333,3
6IO5nn84TKArsi3cjpIqaD,Mela!,0.619,0.941,8,-1.618,1,0.0584,0.0439,1.73e-05,0.318,0.624,137.967,242067,4
6SwATVDZUy3jha72jDyxe2,サマータイムシンデレラ,0.544,0.93,7,-1.974,1,0.0648,0.423,0.0,0.26,0.311,143.057,228920,4
5cF0dROlMOK5uNZtivgu50,Attention,0.775,0.613,3,-4.586,0,0.0542,0.109,2.33e-05,0.134,0.797,100.066,208787,4
7ztdl6cnbJgHRdMkKldkts,キセキ,0.641,0.618,0,-4.269,1,0.0259,0.0932,0.0,0.155,0.338,90.032,271160,4
7iXHLtPosbHvglVSJ4rxLq,愛唄,0.505,0.791,8,-3.729,1,0.0308,0.0839,0.0,0.187,0.425,169.964,236253,4
54HMpdV2FTXgcI0dkDzMc8,道,0.615,0.912,10,-3.947,1,0.0384,0.217,0.0,0.212,0.612,94.983,246960,4
7iQXYTyuG13aoeHxGG28Nh,PERRO NEGRO,0.911,0.778,5,-2.248,1,0.262,0.0887,2.16e-05,0.179,0.345,96.057,162768,4
4MjDJD8cW7iVeWInc2Bdyj,MONACO,0.787,0.621,4,-5.009,0,0.068,0.15,0.000402,0.58,0.13,139.056,267194,4
2yzshFeBIwH8tWIqHEFLeD,un x100to,0.571,0.72,9,-4.089,1,0.0458,0.213,0.0,0.271,0.542,83.827,194563,4
7bywjHOc0wSjGGbj04XbVi,LUNA,0.774,0.86,7,-2.888,0,0.13,0.131,0.0,0.116,0.446,100.019,196800,4
1hZsWUnLbqRw09jLAMQSsb,CLASSY 101,0.858,0.665,11,-4.772,1,0.152,0.126,0.0,0.119,0.659,100.09,195587,4
5RqSsdzTNPX1uzkmlHCFvK,QLONA,0.841,0.738,7,-7.455,0,0.307,0.52,0.0,0.0892,0.484,169.918,172798,4
505v13epFXodT9fVAJ6h8k,AMARGURA,0.92,0.696,6,-3.356,0,0.0742,0.183,0.0,0.149,0.545,106.966,170480,4
54zcJnb3tp9c5OVKREZ1Is,MI EX TENÍA RAZÓN,0.634,0.725,5,-4.945,0,0.0587,0.0776,0.0,0.211,0.795,159.845,154375,4
2kz1YOhJiNubjigR1gB1VX,DILUVIO,0.845,0.795,9,-3.502,0,0.0681,0.343,1.78e-05,0.224,0.681,94.969,197053,4
609E1JCInJncactoMmkDon,BESO,0.768,0.644,5,-6.671,0,0.136,0.736,0.000837,0.173,0.53,95.05,194543,4
21N77gfWYoQDvrLvaeiQgi,BABY HELLO,0.773,0.893,1,-3.733,0,0.0483,0.164,3.01e-06,0.429,0.842,130.013,222462,4
6gMj2DzKR2PjrrbNSwcGFR,OA,0.813,0.866,7,-3.239,1,0.0851,0.17,0.0,0.0421,0.647,99.994,235200,4
1LiN0Z98FkR1t0m8KmLcAH,Amanece,0.79,0.631,8,-5.549,0,0.0425,0.437,0.0,0.158,0.889,94.039,190005,4
3LzAFrnO7CxaeBgtQhHsAP,Corazón Roto pt. 3,0.841,0.741,1,-4.89,0,0.048,0.363,2.37e-06,0.0987,0.849,92.988,348400,4
7ABLbnD53cQK00mhcaOUVG,LALA,0.708,0.737,1,-4.045,1,0.0436,0.0739,0.00162,0.0955,0.607,91.986,197920,4
7iUtQNMRB8ZkKC4AmEuCJC,LA FALDA,0.8,0.738,7,-4.26,1,0.0691,0.372,0.00877,0.19,0.267,103.008,174230,4
4PA1wK0leCjmRZlP5dQ8Lv,El Cielo,0.715,0.642,10,-7.492,0,0.0515,0.0687,0.0,0.0997,0.169,105.964,191321,4
0DWdj2oZMBFSzRsi2Cvfzf,TQG,0.72,0.63,4,-3.547,0,0.277,0.673,0.0,0.0936,0.607,179.974,199440,4
3ZFTkvIE7kyPt6Nu3PEa7V,Hips Don't Lie (feat. Wyclef Jean),0.778,0.824,10,-5.892,0,0.0707,0.284,0.0,0.405,0.758,100.024,218093,4
4nrPB8O7Y7wsOCJdgXkthe,"Shakira: Bzrp Music Sessions, Vol. 53",0.778,0.632,2,-5.6,0,0.0493,0.274,0.0,0.0915,0.498,122.104,218289,4
1zsPaEkglFvxjAhrM8yhpr,Hey Mor,0.901,0.589,1,-6.713,0,0.289,0.00302,0.000237,0.0992,0.399,98.002,196600,4
6C1RD7YQVvt3YQj0CmuTeu,Diles,0.813,0.56,2,-5.904,0,0.0618,0.108,0.0,0.268,0.287,118.033,286041,4
6G12ZafqofSq7YtrMqUm76,Monotonía,0.873,0.695,0,-4.207,0,0.0459,0.419,1.23e-06,0.211,0.823,131.963,158805,4
228BxWXUYQPJrJYHDLOHkj,Gasolina,0.852,0.797,0,-6.543,1,0.0614,0.322,2.69e-06,0.0845,0.741,96.008,192600,4
26QKsGW4hMuwiEE1ftUMHe,"Lo Que Pasó, Pasó",0.819,0.741,8,-6.538,0,0.0412,0.104,0.0,0.283,0.84,97.014,210933,4
69vlMrzHwATKzupwNcUPyK,La Santa,0.744,0.868,1,-4.524,1,0.047,0.0326,0.0,0.0822,0.586,93.037,206420,4
4khWEpnaijN0G1x019Uzdr,No Se Va,0.734,0.685,0,-5.37,1,0.0453,0.117,0.0,0.109,0.754,92.042,216753,4
71iAechwVKGu26pahzFL0k,Cuando Nadie Ve,0.806,0.778,1,-4.577,0,0.0616,0.133,0.0,0.218,0.84,95.993,219587,4
1mlGScrDQqHqmhdIqE8MmA,Besos En Guerra,0.69,0.973,2,-3.588,1,0.0492,0.126,0.0,0.101,0.772,143.957,231533,4
2tTmW7RDtMQtBk7m2rYeSw,"Quevedo: Bzrp Music Sessions, Vol. 52",0.621,0.782,2,-5.548,1,0.044,0.0125,0.033,0.23,0.55,128.033,198938,4
4SW9gHnW8NfKOdqmh0ij45,Fruto,0.801,0.517,2,-8.205,0,0.269,0.494,1.45e-06,0.355,0.923,160.254,133969,4
0fea68AdmYNygeTGI4RC18,LA CANCIÓN,0.754,0.646,7,-5.795,1,0.317,0.152,1.85e-05,0.108,0.429,176.089,242573,4
2beS6dD5rovBxSA1zYoSHR,No Me Conoce - Remix,0.804,0.787,10,-3.824,0,0.0746,0.14,0.0,0.0927,0.562,91.974,309120,4
7hynhxDoDpgMIV12JuVtNa,UN PESO,0.627,0.675,5,-7.125,0,0.213,0.125,0.0,0.0784,0.961,79.31,277107,4
6XbtvPmIpyCbjuT0e8cQtp,Columbia,0.668,0.712,5,-5.927,1,0.0381,0.369,2.13e-05,0.108,0.264,100.02,186000,4
1Hs1uUl8o2VtDp1DABFq0O,Los del Espacio,0.813,0.682,0,-3.598,1,0.0402,0.107,0.0,0.108,0.634,120.011,338000,4
0NO2zL0kw8sGGnaMvHKAZF,Marisola - Remix,0.765,0.872,1,-5.863,1,0.0498,0.173,5.65e-06,0.0749,0.722,94.999,237474,4
03a359wbiUsjN9h6yzXvmS,She Don't Give a Fo,0.854,0.556,1,-4.49,1,0.14,0.345,0.0,0.165,0.342,119.938,209531,4
29QkpKsdxiChq3xsmu5VDG,Amor Vuelve - (En Vivo),0.626,0.936,8,-5.608,0,0.031,0.115,0.0,0.321,0.947,133.0,226878,4
2yjHvbMtfyoXXJYpsR3rYP,Motor Y Motivo,0.739,0.887,0,-5.084,1,0.0317,0.167,0.0,0.225,0.873,98.011,196990,4
3SQRqRJ4xl2FZ8B5eswvvU,El Ritmo de Mi Corazón,0.664,0.878,8,-7.021,1,0.0359,0.0249,6.53e-06,0.038,0.927,106.508,220324,4
5jt25aFjW2kNoBqaEVaz5W,LA INOCENTE,0.757,0.789,5,-3.46,0,0.0583,0.307,0.0,0.0717,0.464,91.911,202174,4
4qSEvFGCpde73gqIuq3sho,HIBIKI,0.801,0.645,6,-5.605,0,0.0706,0.604,0.0,0.118,0.528,119.935,208000,4
0QRHOAeU8JRaVVn3UoZBih,REINA,0.724,0.578,10,-7.117,1,0.0819,0.632,1.06e-06,0.0943,0.757,167.985,211879,4
4bw8mcDUSRWfQo63ZTYRnU,Según Quién,0.909,0.762,9,-3.974,1,0.0643,0.434,0.0,0.0856,0.843,101.987,142335,3
0XjX9s0XWOKZc8PLuW02wJ,COCO LOCO,0.783,0.868,7,-2.961,0,0.0591,0.19,0.0,0.165,0.727,109.977,166735,4
6CvTEtGagmzQvkUzzyKR9k,HARLEY QUINN,0.815,0.741,1,-6.04,1,0.0569,0.0277,0.0183,0.219,0.591,125.031,143327,4
5KbBVSj6AJZ5662fO8EYFh,El Merengue,0.777,0.774,8,-3.079,0,0.0553,0.0895,0.000401,0.0909,0.661,123.982,189669,4
7BqHUALzNBTanL6OvsqmC1,Happier,0.687,0.792,5,-2.749,1,0.0452,0.191,0.0,0.167,0.671,100.011,214290,4
0PB0O24JqAuNdOAFVJljMS,Coco Chanel,0.683,0.764,2,-5.995,1,0.0441,0.0427,0.0,0.0963,0.137,149.949,160325,4
4pcafPzLDSqQktqSpxHL3E,THUNDER Y LIGHTNING,0.552,0.744,4,-2.656,0,0.124,0.496,0.0,0.112,0.627,156.027,217133,4
2lmWwBLVJ2P0HX491zkYws,Mbappe,0.712,0.684,7,-4.887,1,0.0512,0.548,0.0,0.168,0.513,130.038,147692,4
1MB8kTH7VKvAMfL9SHgJmG,VAGABUNDO,0.817,0.851,11,-3.309,0,0.0627,0.0351,0.0,0.232,0.886,127.019,215600,4
6ylDpki1VpIsc525KC1ojF,Tacones Rojos,0.746,0.844,11,-3.499,0,0.0359,0.062,0.0,0.149,0.934,123.014,189333,4
655JkvIwu2rDCaD1hPf04g,Pareja Del Año,0.715,0.611,4,-5.094,0,0.0519,0.176,0.0,0.0949,0.776,79.971,195333,4
671fHUAB2n0MocazS1bMB8,Por Dentro,0.833,0.754,1,-5.215,0,0.288,0.0813,0.0,0.161,0.652,107.024,166046,4
3fjN3y5x4hN53rykAN2LHQ,cómo dormiste?,0.627,0.429,1,-8.255,1,0.234,0.238,0.0,0.122,0.565,126.426,112572,5
7MmrcXVA7A5zZ2CbDuGHNa,A Mí,0.846,0.548,1,-6.397,1,0.256,0.241,0.0713,0.0419,0.516,94.925,209680,4
6irysuQyZWd7Bjj7ePiOs2,Holanda,0.831,0.759,1,-3.627,0,0.0502,0.277,0.0,0.125,0.244,107.961,231693,4
4MzXwWMhyBbmu6hOcLVD49,DÁKITI,0.731,0.573,4,-10.059,0,0.0544,0.401,5.22e-05,0.113,0.145,109.928,205090,4
3oNnzH6hmqIGIhJ1NcHlrh,CORAZÓN VACÍO,0.681,0.792,1,-4.795,1,0.0587,0.334,2.05e-06,0.295,0.4,98.09,160536,4
6q6aChVJ5LLXFUSfakwpxW,Piscina,0.761,0.827,11,-4.189,0,0.0659,0.385,6.42e-05,0.095,0.568,97.021,225661,4
3qQbCzHBycnDpGskqOWY0E,Ella Baila Sola,0.668,0.758,5,-5.176,0,0.0332,0.483,1.89e-05,0.0837,0.834,147.989,165671,3
3NqBxTOMCJ3zW9CIP51td4,Jugaste y Sufrí,0.39,0.499,7,-7.778,1,0.0381,0.632,0.000497,0.115,0.34,200.156,275194,1
6X5WZbJzXtk6aO03HlxuZ9,Así Lo Quiso Dios,0.698,0.664,8,-4.027,0,0.0406,0.302,0.0,0.268,0.747,144.981,205300,3
7MVIfkyzuUmQ716j8U7yGR,Rara Vez,0.838,0.708,5,-4.668,0,0.166,0.176,0.0,0.343,0.96,119.984,128677,4
0TUW9faHNaBmi89wsYGp9y,Mamichula - con Nicki Nicole,0.696,0.678,4,-5.893,0,0.0735,0.582,2.22e-06,0.134,0.346,91.985,219202,4
0et5kHSyE7vNPbysINU6vy,Imposible,0.731,0.632,3,-4.59,0,0.256,0.183,0.0,0.15,0.637,87.003,169653,4
32hCeeK3ayPux4UauNPsgA,ALV,0.777,0.65,11,-4.156,0,0.213,0.128,0.0,0.116,0.401,93.051,160040,4
2mnXxnrX5vCGolNkaFvVeM,La Jumpa,0.887,0.234,9,-14.52,1,0.178,0.111,0.67,0.13,0.197,140.02,196800,4
6NSMQFKgjpQb0KkjMDYIK0,Tu No Vive Asi (feat. Mambo Kingz & DJ Luian),0.815,0.514,6,-9.446,0,0.361,0.54,0.0,0.611,0.623,120.054,264000,4
0O3U5iwTbiXCREMkvotJuN,EL AMOR DE SU VIDA,0.616,0.834,9,-3.069,1,0.0664,0.06,0.0,0.338,0.746,151.701,165848,4
5HR7yfhSCeoOHRQN05XnZQ,QUE VUELVAS,0.497,0.644,10,-4.309,1,0.0443,0.188,0.0,0.114,0.779,162.542,169419,4
77dMSg2VHi2wwXjXNrmcrZ,Nena Maldición (feat. Lenny Tavárez),0.566,0.531,6,-6.635,1,0.0716,0.192,0.0,0.179,0.367,118.96,227518,4
5jW3rF4URMdK7tO2xjS5EI,Tal Vez,0.855,0.649,8,-2.443,1,0.151,0.25,0.0,0.0801,0.741,161.986,263899,4
132ALUzVLmqYB4UsBj5qD6,Adan y Eva,0.767,0.709,1,-4.47,1,0.336,0.323,0.0,0.0745,0.72,171.993,256972,4
6Es8Sk3xe1HiJ2MXCfHHwR,La_Original.mp3,0.833,0.809,5,-2.751,0,0.0381,0.0836,0.0,0.112,0.905,128.055,140625,4
04ndZkbKGthTgYSv3xS7en,Cupido,0.913,0.584,9,-5.263,1,0.223,0.521,5.36e-05,0.307,0.627,119.873,174370,4
6ebo7CQn4ILLGvXRmXHhQz,Miénteme,0.85,0.546,2,-4.534,1,0.0654,0.161,6.13e-06,0.296,0.906,92.002,165275,4
3nNmRE0DxHC6ZaKkrpUumS,FINA,0.847,0.724,1,-5.41,1,0.298,0.0869,1.11e-06,0.118,0.396,94.601,216328,4
0J9g1MMJDhyvOb3NWckHMm,Chulo pt.2,0.852,0.881,5,-2.546,0,0.126,0.0602,6.44e-06,0.0682,0.556,96.984,219333,4
3tiJUOfAEqIrLFRQgGgdoY,Un Finde | CROSSOVER #2,0.499,0.519,11,-8.199,1,0.0595,0.109,0.0,0.276,0.848,192.147,163788,4
6Z28dALKtAgZ7AZRfjMQjY,Mentiras | CROSSOVER #3,0.736,0.512,11,-10.957,1,0.0771,0.00705,0.0,0.197,0.802,149.987,167600,4
2OXYYCVlDZfiVtktj00ul5,Serpiente,0.758,0.765,2,-7.198,1,0.0324,0.146,9.18e-06,0.0851,0.976,134.996,121340,4
5PV7NrmlRjK6aSRBZ0jMkQ,Dios Mio Has Que Me Enamore,0.611,0.78,11,-4.762,0,0.0291,0.0973,0.000461,0.056,0.889,139.353,189227,4
2Kd77oLlsoQawZSf9p8FGz,Siempre Pierdo En El Amor,0.728,0.74,5,-6.461,1,0.0311,0.19,0.00115,0.369,0.909,102.934,193560,4
6BnqTZLQNh3bLSuGOHqLoa,Tu Amor Fue una Mentira,0.761,0.517,9,-11.678,1,0.0335,0.346,0.00385,0.0948,0.926,101.996,216867,4
7AuTUhNLUMoSlap7xTkqql,Paloma Ajena,0.688,0.879,5,-4.235,1,0.0338,0.416,0.000327,0.068,0.961,104.013,248920,4
5JVXtZWMJctzAscZASJpa7,Basta Ya Mi Amor,0.701,0.531,7,-9.489,1,0.0427,0.611,0.0957,0.0702,0.851,105.984,210827,4
0G2zPzWqVjR68iNPmx2TBe,Volando - Remix,0.659,0.688,6,-4.649,1,0.0673,0.207,0.0,0.113,0.632,153.979,273474,4
38RIEav39FGi86jppxO0du,Ignorantes,0.85,0.536,1,-5.161,1,0.0599,0.267,3.89e-05,0.0996,0.505,96.029,210607,4
34ZngZgo8xicbt1EE8Ob8Z,Porno,0.535,0.71,1,-2.978,0,0.324,0.428,0.0,0.141,0.523,92.009,212653,4
6DXLO8LndZMVOHM0wNbpzg,Danza Kuduro,0.699,0.917,0,-4.897,1,0.115,0.078,0.0,0.065,0.889,130.04,198787,4
69Ej1xrGjOcHvIMtMKxK0G,Dile,0.817,0.714,4,-7.501,0,0.141,0.184,0.000132,0.042,0.714,94.001,204600,4
48NXpYRuvv9izul4oXhqS9,Salió El Sol,0.887,0.701,4,-5.892,0,0.0873,0.106,0.00948,0.0466,0.965,110.002,315293,4
6Sq7ltF9Qa7SNFBsV5Cogx,Me Porto Bonito,0.911,0.712,1,-5.105,0,0.0817,0.0901,2.68e-05,0.0933,0.425,92.005,178567,4
4tYgQrGwhpvjfq4ryajgUo,El Correcto,0.805,0.691,7,-5.175,1,0.215,0.095,1.17e-05,0.234,0.455,96.016,168125,4
2GSr8anleCXKLNjjjijoMZ,Yo Quisiera,0.682,0.658,2,-5.251,1,0.0432,0.0823,0.0,0.0851,0.784,77.978,217987,4
0lPXFrKyl8HkdQ2E6NmNja,Ya Me Enteré,0.619,0.452,9,-5.449,1,0.028,0.502,0.0,0.122,0.174,131.981,204173,4
6VAS7m73rDopQe7BdrFMpD,"Tiago PZK: Bzrp Music Sessions, Vol. 48",0.657,0.821,8,-3.06,0,0.32,0.459,0.0,0.103,0.752,96.561,160000,4
5LazbgCsa2IskJbPMnI8Qd,Entre Nosotros,0.729,0.513,5,-6.345,0,0.0455,0.494,1.1e-06,0.137,0.789,170.064,192353,3
6ifUES3keWjwXgae8pXI3o,Me Rehúso,0.744,0.804,1,-6.327,1,0.0677,0.0231,0.0,0.0494,0.426,104.823,205715,4
3HgvO4B5LLmdPOT2d8cSZd,Mónaco,0.699,0.654,11,-6.264,1,0.0383,0.054,7.08e-06,0.095,0.319,100.037,192313,4
1UdzJEpgJxtuXAlCOvD4S0,Fuera del mercado,0.453,0.673,8,-5.649,1,0.144,0.32,0.0,0.131,0.266,92.06,159849,4
4FAKtPVycI4DxoOHC01YqD,Yandel 150,0.783,0.729,6,-3.549,0,0.0691,0.0492,0.000272,0.1,0.58,167.968,216148,4
4PxuQB2bwMFyP6qjHDBsmb,CORLEONE,0.787,0.558,6,-5.543,0,0.048,0.244,0.0,0.098,0.561,100.003,201600,4
28BSTgZH1ckI8Xfy8LXaRz,Yankee 150,0.72,0.821,6,-2.488,0,0.0681,0.0953,0.000167,0.0929,0.628,167.998,242667,4
6OzUIp8KjuwxJnCWkXp1uL,Besos Moja2,0.736,0.727,5,-4.642,0,0.0571,0.0584,1.91e-06,0.0976,0.644,94.048,229065,4
4kAtRwNRLMKuoCbxMSxUGI,Noche De Sexo,0.686,0.722,2,-5.4,1,0.256,0.108,0.0,0.494,0.515,94.006,205707,4
6ksWMnPcHNyNoNf3y1BQCO,Noche De Entierro,0.868,0.764,4,-6.574,0,0.167,0.119,0.00143,0.0918,0.397,96.994,263293,4
1j6xOGusnyXq3l6IryKF3G,Déjala Que Vuelva (feat. Manuel Turizo),0.681,0.788,1,-4.323,1,0.0785,0.0482,0.0,0.0753,0.839,170.019,220117,4
3lR4O0vtkhCAvVEUEWUL0S,Pa' Olvidarme De Ella,0.728,0.542,0,-5.195,1,0.0514,0.259,0.0,0.136,0.637,90.016,227234,3
059bcIhyc2SBwm6sw2AZzd,Te Vi,0.877,0.777,1,-4.246,1,0.117,0.0446,3.46e-05,0.0863,0.706,102.02,231848,4
1uKjQoh8JZj9ryuYRhpd7E,Ahora Te Puedes Marchar,0.78,0.877,6,-3.683,0,0.0427,0.148,2.36e-06,0.0627,0.909,133.263,191973,4
6F9yAYUaNbUhdlQyt5uZ3b,La Incondicional,0.374,0.727,10,-4.352,1,0.0309,0.237,0.0,0.134,0.283,155.127,257027,4
1lKI9y1DL6QnYTZguVmACX,La Media Vuelta,0.631,0.683,7,-8.788,1,0.0344,0.291,0.0,0.0994,0.708,97.959,161040,4
3Zin1vaMx7PjFWIOBTE4FM,Ni Me Debes Ni Te Debo,0.494,0.317,6,-7.113,1,0.0298,0.728,0.0,0.173,0.483,79.535,169896,3
63Zaf8Rci6eOUPqDQ4fUFx,La Mitad,0.724,0.443,7,-3.743,1,0.0329,0.73,0.0,0.101,0.763,97.194,177791,4
4G3PTss3mU33Tau7t4KbwE,Tattoo - Remix with Camilo,0.721,0.637,9,-5.134,1,0.286,0.0406,0.0,0.0525,0.691,193.922,222680,4
3nr6dW6yGOd6UX3KOpkbMZ,X ESO BB,0.8,0.501,0,-8.757,1,0.0561,0.298,0.0,0.0925,0.619,100.018,192340,4
6r0TaoZh1Oc1KkuL4rC1kB,DISPARA ***,0.81,0.657,1,-2.978,1,0.155,0.48,0.0,0.108,0.698,89.972,143936,4
7K3BhSpAxZBznislvUMVtn,Last Night,0.492,0.675,6,-5.456,1,0.0389,0.467,0.0,0.142,0.478,203.759,163855,4
0PAcdVzhPO4gq1Iym9ESnK,Thinkin’ Bout Me,0.656,0.757,3,-5.775,0,0.0308,0.492,0.0,0.117,0.429,139.971,177388,4
5W4kiM2cUYBJXKRudNyxjW,You Proof,0.732,0.839,9,-5.007,1,0.0345,0.265,0.0,0.602,0.629,119.724,157478,4
1Lo0QY9cvc8sUB2vnIOxDT,Fast Car,0.712,0.603,8,-5.52,1,0.0262,0.186,0.0,0.115,0.67,97.994,265493,4
48UKTR66uUOT9LaUvooTNx,The Kind of Love We Make,0.608,0.745,1,-4.13,1,0.0277,0.0226,6.47e-06,0.0942,0.464,102.025,224427,4
1mMLMZYXkMueg65jRRWG1l,When It Rains It Pours,0.551,0.801,6,-5.069,1,0.0303,0.013,6.03e-06,0.265,0.625,128.027,240760,4
4KULAymBBJcPRpk1yO4dOG,I Remember Everything (feat. Kacey Musgraves),0.429,0.453,0,-7.746,1,0.0459,0.554,2e-06,0.102,0.155,77.639,227196,4
3WMj8moIAXJhHsyLaqIIHI,Something in the Orange,0.369,0.192,4,-12.151,0,0.04,0.555,8.35e-06,0.0954,0.148,175.212,228013,3
4pCbJC43j3gSqG6Fen6upD,Hey Driver (feat. The War and Treaty),0.583,0.351,0,-5.836,1,0.0306,0.494,0.0,0.368,0.462,79.014,227467,4
7BKLCZ1jbUBVqRi2FVlTVw,Closer,0.748,0.524,8,-5.599,1,0.0338,0.414,0.0,0.111,0.661,95.01,244960,4
0OvO2X2Q3i98dc5RcgEN3x,Jungle,0.596,0.667,6,-5.651,0,0.0295,0.0524,0.000109,0.205,0.217,140.002,175500,4
0TQp3SpfrkWtGCyJJgMbHW,Hot Potato,0.669,0.737,0,-7.974,1,0.0975,0.0289,0.0,0.204,0.948,170.925,81067,4
5V0hwPnZnYroTZN7ZhZE2J,Rock-a-Bye Your Bear,0.776,0.61,9,-6.886,1,0.0378,0.275,0.0,0.18,0.721,120.274,86675,4
7toZuecF36JJeBq1faE2Xt,"Head, Shoulders, Knees and Toes",0.77,0.83,9,-5.472,1,0.0326,0.0562,0.000185,0.0308,0.98,126.089,118751,4
0NZPBYD5qbEWRs3PrGiRkT,Unholy (feat. Kim Petras),0.712,0.463,2,-7.399,1,0.0797,0.011,2.96e-06,0.301,0.206,131.199,156943,4
1mXVgsBdtIVeCLJnSnmtdV,Too Good At Goodbyes,0.681,0.372,5,-8.237,1,0.0432,0.64,0.0,0.169,0.476,91.873,201000,4
1Qi2wh8fFgDV7tl4Sj3f2K,Have Yourself A Merry Little Christmas,0.438,0.178,5,-9.402,1,0.0414,0.957,0.0,0.316,0.344,75.248,170964,1
5TXDeTFVRVY7Cvt0Dw4vWW,Revenge,0.746,0.251,11,-16.169,0,0.259,0.782,0.00203,0.106,0.18,139.999,120027,4
2ZRo7axmMPeSVUvDbGkJah,Hope,0.592,0.457,9,-6.081,0,0.0603,0.661,0.000331,0.146,0.225,146.04,110886,4
7AQim7LbvFVZJE3O8TYgf2,Fuck Love,0.797,0.533,0,-9.74,0,0.0412,0.0172,0.000152,0.103,0.329,131.036,146520,4
3xKsf9qdS1CyvXSMEid6g8,Pink + White,0.545,0.545,9,-7.362,1,0.107,0.667,5.48e-05,0.417,0.549,159.94,184516,3
3GZD6HmiNUhxXYf8Gch723,Lost,0.913,0.603,8,-4.892,1,0.226,0.0272,0.000503,0.167,0.497,123.061,234093,4
7DfFc7a6Rwfi3YQMRbDMau,Thinkin Bout You,0.721,0.339,0,-11.195,1,0.0532,0.409,0.00153,0.0973,0.2,129.83,200747,4
6Kijtp0DB6VwcoJIw7PJ9W,"Imithandazo (feat. Young Stunna, DJ Maphorisa, Sizwe Alakine & Umthakathi Kush)",0.806,0.767,6,-9.686,0,0.112,0.179,0.00126,0.182,0.795,113.001,351201,4
7ko9EAsZ2N1ZpEBlMUkR3J,"Nana Thula (feat. Njelic, Young Stunna, Nkosazana Daughter & Xolani Guitar)",0.795,0.755,1,-8.849,1,0.0551,0.00987,0.00651,0.0272,0.53,112.998,492832,4
2qxgejJTaZIHNSHDD22Uhl,Abalele,0.788,0.449,5,-16.197,0,0.0835,0.181,0.027,0.133,0.59,113.001,416322,4
2dIiGOrFEcADygUXWSsbzb,Particula,0.678,0.735,8,-4.725,1,0.0488,0.0265,2.19e-05,0.235,0.386,100.002,204655,4
7ssA6kQHkrNSNx4ZLiTV8V,Uthando,0.845,0.268,5,-20.731,0,0.105,0.0347,0.00106,0.0769,0.229,113.002,450348,4
1bmZLmDu9jkzwHInzPsYLD,Umbayimbayi,0.63,0.628,11,-7.019,1,0.0924,0.431,0.0,0.131,0.671,77.014,230000,4
05A1KzxTLvShctiD0Bsydd,Sayona,0.648,0.554,3,-7.202,1,0.0618,0.42,0.0,0.0896,0.291,95.015,227368,4
6SYd9stPpCzbuLAeU3FR9K,Amalobolo,0.794,0.436,6,-18.272,0,0.0633,0.00775,0.699,0.654,0.353,112.997,509790,4
710qLZ4WOxBj7ZaVbVJtkh,"Maye Maye (feat. Azana, Stixx)",0.875,0.374,11,-17.522,0,0.0516,0.0132,0.117,0.0394,0.661,113.002,450326,4
3oPYVnm0LsmAQ4RobrRS29,Imnandi lento (feat. Tman Xpress),0.861,0.524,6,-13.325,0,0.0667,0.06,0.000776,0.0231,0.632,111.982,447835,4
5O677N09WkpiDFluKb1fXh,Wena Wa Pallwa (feat. Ch'cco & LeeMcKrazy),0.821,0.45,1,-10.66,1,0.0764,0.00181,0.12,0.0591,0.158,111.999,360921,4
7wyxymLTOjYzcMfqd9jTDV,Wang Compromisa (feat. Focalistic & Makhekhe Jr),0.879,0.644,9,-10.767,1,0.0664,0.0884,0.157,0.0503,0.505,112.016,330875,4
4GVQOvxTqXPLJ1rHvP0SwZ,No More,0.715,0.59,1,-6.507,1,0.342,0.184,0.0,0.125,0.121,105.891,181108,4
7M0dCEkncviZNTqb4yZMXx,A1 PERICO (feat. Nasty C and Mizzle),0.682,0.549,10,-9.259,0,0.303,0.196,0.0,0.17,0.451,140.152,209143,4
2THbHmoRIjbGQgP0HylMbx,Lemons (Lemonade),0.767,0.525,0,-10.225,1,0.232,0.0386,2.1e-05,0.0951,0.478,98.101,259592,4
0608p0wvaTJbwD76vMF0Jh,Company (Remix),0.912,0.425,11,-16.439,0,0.087,0.00291,0.00985,0.105,0.563,113.009,416500,4
6oAWlzrEbXFis7Z0kyeX0h,"All Eyes on Me (feat. Burna Boy, Da L.E.S. & JR)",0.7,0.684,1,-6.393,1,0.0725,0.0143,0.0,0.073,0.48,95.169,258107,4
14SaZBTjxlorHJQxXh01Hu,Girls Need Love (with Drake) - Remix,0.656,0.432,6,-9.481,0,0.217,0.443,0.0,0.132,0.0897,97.022,222374,4
3LfHBTYZBTqmz43tvVXJBd,Deep,0.646,0.335,3,-9.915,0,0.247,0.626,1.3e-05,0.107,0.419,167.927,92093,4
2xyx0o4xNOLLjBSbOOdcbA,Playing Games (with Bryson Tiller) - Extended Version,0.726,0.408,11,-6.606,0,0.0614,0.603,0.0,0.225,0.459,115.918,143227,4
5tpft20jhQvRlG3O7XfwWy,"Mnike (feat. DJ Maphorisa, Nandipha808, Ceeka RSA & Tyron Dee)",0.842,0.504,1,-7.557,1,0.0534,0.0246,0.0139,0.0698,0.495,112.995,391888,4
4URabg9AGHasjFEVdTbWcC,Dalie (feat. Baby S.O.N),0.831,0.568,1,-9.984,1,0.0515,5e-05,0.0901,0.122,0.16,113.009,280425,4
5OnDiLZlKXnBlBk2nCC9xE,"Mnike (Radio Edit) (feat. DJ Maphorisa, Nandipha808, Ceeka RSA & Tyron Dee)",0.775,0.581,1,-6.785,1,0.0359,0.0415,0.000712,0.133,0.271,113.034,193285,4
2J6OF7CkpdQGSfm1wdclqn,Clouded,0.583,0.344,2,-8.765,1,0.0559,0.774,0.0,0.143,0.581,65.203,110129,3
0oufSLnKQDoBFX5mgkDCgR,Trust,0.764,0.394,8,-8.559,1,0.152,0.231,9.37e-05,0.117,0.465,92.009,158421,4
5PvVkf1Yuq3XyMqqjPiKPd,Been Away,0.602,0.5,8,-9.377,1,0.298,0.477,5.69e-05,0.295,0.395,132.798,223630,4
3BTszrSLAt9f11eWeHNTTc,Ndenzel' Uncedo Hymn 377 - Live,0.604,0.615,8,-11.742,1,0.0375,0.00185,0.0,0.102,0.671,109.959,388867,3
3j3Jn0bcG8rzliG4vHBYCa,Yesu Wena UnguMhlobo - Live,0.276,0.601,11,-9.821,1,0.0411,0.135,0.0,0.721,0.391,104.796,349973,4
5RERHb5WKrWUKoqZniCpiJ,Hallelujah Nkateko (Lihle's Version) - Live,0.254,0.722,5,-4.986,1,0.0457,0.412,0.0,0.705,0.547,103.628,336213,4
4rXLjWdF2ZZpXCVTfWcshS,fukumean,0.847,0.622,1,-6.747,0,0.0903,0.119,0.0,0.285,0.22,130.001,125040,4
1p0rEzrK7YtdRZVtiyV7RN,Lemonade (feat. NAV),0.8,0.658,1,-6.142,0,0.079,0.25,0.0,0.111,0.462,140.042,195429,4
3pImmSzeKex5ffzsDoaL3z,Izenzo,0.748,0.56,4,-13.918,0,0.0563,0.575,0.00117,0.141,0.492,112.0,414967,4
1ng4byy7mejezJ08hs4P7R,Isgubhu,0.822,0.571,1,-11.215,0,0.0527,0.00391,0.0572,0.0518,0.547,112.998,413839,4
58u8z6ia8GTm9yZlkmtCtV,Fatela,0.875,0.36,1,-14.033,1,0.106,0.0139,0.000377,0.103,0.407,112.013,351451,4
4I2OqJ0qap2HFxq3JlTION,VING RHAMES,0.757,0.604,1,-7.641,1,0.294,0.471,0.0,0.128,0.113,84.367,81077,4
2sj4rMabpUWzy6xATdkM0u,WEST AFRICA TIME,0.596,0.717,11,-7.679,0,0.369,0.239,0.0,0.273,0.422,149.61,243134,4
7uloC7Sgo5KNFKrgRepyhJ,ONE TIME,0.773,0.579,5,-7.849,0,0.273,0.45,0.0,0.211,0.798,119.948,184022,4
0KG5PG0nz6MmKLbDWtmpdk,Khaya Lami,0.676,0.459,4,-8.84,1,0.0365,0.396,0.0,0.0982,0.498,82.492,255273,3
7FGq80cy8juXBCD2nrqdWU,Eastside (with Halsey & Khalid),0.632,0.686,6,-7.665,0,0.243,0.549,0.0,0.2,0.329,89.949,170770,4
7vGuf3Y35N4wmASOKLUVVU,Silence,0.52,0.761,4,-3.093,1,0.0853,0.256,4.96e-06,0.17,0.286,141.971,180823,4
4k5FlWz3dfhyQzmRpVPZsW,Hamba Juba,0.813,0.737,6,-7.439,1,0.0413,0.0146,0.000769,0.0847,0.538,112.006,480016,4
4hDjmMljGvNZuYUXw1HWw3,Wena Dali,0.851,0.42,5,-11.515,0,0.0772,0.0943,0.00986,0.0901,0.562,112.002,368620,4
1kKltSWkRUTB7LYVFJXS2w,Esangweni,0.856,0.569,6,-8.974,0,0.048,0.0649,0.00884,0.258,0.32,110.016,375324,4
7wcjeveluiW5djtxLCxNSx,Thath'Indawo (Live),0.38,0.646,0,-8.379,1,0.0678,0.555,1.29e-06,0.135,0.315,105.845,473248,4
0yAyBZ0S4Pnaz2cH4K1w1b,Moy’ Oyingcwele (Live),0.375,0.846,6,-7.018,1,0.0769,0.0803,0.000102,0.178,0.39,108.783,500088,3
6Cu35kyDyoWUioEWyiYTpS,Elshadai Adonai Medley (Live),0.303,0.572,3,-8.096,1,0.0566,0.515,0.0,0.0756,0.22,108.935,420160,4
1CrwpdodnkXcjPSrg8kw9g,Gangnam Style (feat. DJ Maphorisa & Kabza De Small),0.926,0.733,2,-12.642,0,0.056,0.0632,0.000135,0.04,0.905,111.01,350310,4
3PdO57q0KLWkfWXsXQJlV6,Sengizwile (feat. Aymos & Young Stunna),0.813,0.632,3,-9.723,0,0.0482,0.0283,0.000759,0.137,0.777,112.044,420039,4
1juCUMeUqFP7oId0SR2Yfg,"Uzozisola (feat. Aymos, Kabza De Small & DJ Maphorisa)",0.87,0.633,11,-8.32,0,0.0611,0.0192,4.74e-05,0.137,0.732,112.028,420039,4
33PDDaCzc8AM8J5EKjO7v2,uNonkosi (feat. Deeper Phil & Mfundo Da DJ),0.884,0.706,1,-11.807,1,0.076,0.018,0.00125,0.392,0.617,112.005,351468,4
65NAMIdsZkxYIM5ui8SJSw,SETE (feat. Young Stunna & Blxckie),0.797,0.627,4,-7.096,0,0.0698,0.183,0.0,0.156,0.606,96.019,249533,4
2OQJKTtrH482waGFmOfJni,We Own It (Fast & Furious),0.563,0.902,1,-4.586,0,0.402,0.0545,0.0,0.0524,0.559,171.999,227907,4
2tvYu1CPNCTmViowWzGw86,Presha,0.888,0.553,1,-7.758,1,0.43,0.00666,0.0,0.135,0.61,75.497,185058,4
6LVNGPtSPpc4KDFjvLS8c1,Long Story Short,0.843,0.85,2,-4.577,1,0.217,0.266,0.0,0.414,0.571,136.969,210339,4
2beD5W9IkefQ04IO39XF7w,My wrist (with Young Thug),0.784,0.616,0,-7.159,1,0.0927,0.0042,0.00592,0.256,0.291,137.019,190133,4
7qLr3HMApUbyDkUvgIvHnB,Oh U Went (feat. Drake),0.808,0.789,7,-5.88,0,0.236,0.0517,0.0,0.0819,0.465,136.01,185333,4
3js04Z5R4L1ZvtLPopSG8l,Kunkra (feat. Xduppy & ShaunMusiq & Ftears),0.756,0.399,10,-12.881,0,0.0812,0.00324,0.329,0.139,0.264,111.987,317176,4
0Ek5bneviajgSzZGonWfds,Abo Mvelo (feat. Mellow & Sleazy & M.J),0.876,0.507,10,-11.035,0,0.0482,0.0172,0.00117,0.0746,0.583,112.003,480000,4
1jKlRcH7X78ps1yKBTWyUV,Lucid Dreams (feat. Lil Uzi Vert) - Remix,0.443,0.579,6,-6.517,0,0.187,0.125,0.0,0.284,0.256,83.827,240437,4
7GX5flRQZVHRAGd6B4TmDO,XO Tour Llif3,0.732,0.75,11,-6.366,0,0.231,0.00264,0.0,0.109,0.401,155.096,182707,4
30QR0ndUdiiMQMA9g1PGCm,"...And to Those I Love, Thanks for Sticking Around",0.792,0.511,2,-6.876,1,0.0409,0.124,9.04e-05,0.14,0.111,113.983,168490,4
5UGAXwbA17bUC0K9uquGY2,Antarctica,0.715,0.633,2,-6.869,1,0.0804,0.553,4.45e-06,0.0905,0.319,105.945,126850,5
0kEZlJh4mK1QRfb3CT5LPk,Kill Yourself (Part III),0.753,0.68,5,-7.092,0,0.0349,0.326,4.15e-05,0.423,0.192,105.977,145078,4
6T7FXSuXykeGktMLGp8WgE,All My Life (feat. J. Cole),0.787,0.57,3,-5.881,1,0.225,0.0449,0.0,0.135,0.733,142.974,223879,4
2SAqBLGA283SUiwJ3xOUVI,Laugh Now Cry Later (feat. Lil Durk),0.761,0.518,0,-8.871,1,0.134,0.244,3.47e-05,0.107,0.522,133.976,261493,4
7qTaDOcld0VmBWXnkbUj45,Broadway Girls (feat. Morgan Wallen),0.659,0.745,10,-3.599,1,0.0347,0.0417,0.0,0.296,0.54,74.967,185600,4
1f5cbQtDrykjarZVrShaDI,Drowning (feat. Kodak Black),0.839,0.81,5,-5.274,0,0.0568,0.501,0.0,0.117,0.814,129.014,209269,4
2xB46Bj9HZ4cr058yN4Pla,Secrets,0.539,0.648,4,-6.008,1,0.0619,0.118,0.0,0.362,0.403,91.066,133331,4
5uQOauh47VFt3B2kV9kRXw,My Shit,0.812,0.621,5,-8.3,1,0.0515,0.244,0.0,0.099,0.847,77.998,128157,4
7KA4W4McWYRpgf0fWsJZWB,See You Again (feat. Kali Uchis),0.558,0.559,6,-9.222,1,0.0959,0.371,7.49e-06,0.109,0.62,78.558,180387,4
0fv2KH6hac06J86hBUTcSf,NEW MAGIC WAND,0.621,0.73,5,-5.414,0,0.107,0.0967,0.000131,0.673,0.464,139.566,195320,4
5hVghJ4KaYES3BFUATCYn0,EARFQUAKE,0.554,0.498,9,-8.866,1,0.0685,0.23,5.98e-06,0.795,0.413,79.635,190067,4
0mflMxspEfB0VbI1kyLiAv,Stick Season,0.662,0.488,9,-6.894,1,0.0682,0.782,0.0,0.102,0.817,117.913,182347,4
22VHOlVYBqytsrAqV8yXBK,Dial Drunk (with Post Malone),0.667,0.613,8,-7.147,1,0.0313,0.121,0.0,0.113,0.681,112.046,213817,4
4oEf84vBYVftf6KmZexhVo,Northern Attitude (with Hozier),0.486,0.64,3,-8.027,1,0.0551,0.136,7.58e-05,0.105,0.289,122.017,267256,4
6IyoLWzljeR3ldQo4KWHT6,Out thë way,0.767,0.628,4,-7.41,0,0.242,0.21,8.79e-06,0.275,0.798,128.07,150242,4
1a019wP7IdYLexwbmfZPm3,Flawlëss (feat. Lil Uzi Vert),0.474,0.805,1,-5.997,1,0.332,0.0715,0.0,0.147,0.109,131.001,176125,4
1VLtjHwRWOVJiE5Py7JxoQ,Martin & Gina,0.832,0.534,1,-7.813,0,0.253,0.345,0.0,0.165,0.116,93.924,132833,4
18vXApRmJSgQ6wG2ll9AOg,RAPSTAR,0.789,0.536,6,-6.862,1,0.242,0.41,0.0,0.129,0.437,81.039,165926,4
6uFn47ACjqYkc0jADwEdj1,Pop Out (feat. Lil Tjay),0.772,0.639,1,-7.119,1,0.467,0.15,0.0,0.0698,0.261,168.112,166560,4
79s5XnCN4TJKTVMSmOx8Ep,Dior,0.548,0.805,7,-5.732,1,0.351,0.212,0.000389,0.408,0.648,142.094,216387,4
1tkg4EHVoqnhR6iFEXb60y,What You Know Bout Love,0.709,0.548,10,-8.493,1,0.353,0.65,1.59e-06,0.133,0.543,83.995,160000,4
0PvFJmanyNQMseIFrU708S,For The Night (feat. Lil Baby & DaBaby),0.823,0.586,6,-6.606,0,0.2,0.114,0.0,0.193,0.347,125.971,190476,4
